"region","suburb","occupation","occupation_count_2041","industry","industry_count_2041"
"Brisbane - East","Belmont - Gumdale","Specialist Managers",374,"Professional, Scientific and Technical Services (Except Computer System Design and Related Services)",341
"Brisbane - East","Belmont - Gumdale","Health Professionals",306,"Hospitals",308
"Brisbane - East","Belmont - Gumdale","Business, Human Resource and Marketing Professionals",232,"Tertiary Education",223
"Brisbane - East","Brisbane Port - Lytton","Chief Executives, General Managers and Legislators",0,"Agriculture",0
"Brisbane - East","Brisbane Port - Lytton","Farmers and Farm Managers",0,"Aquaculture",0
"Brisbane - East","Brisbane Port - Lytton","Arts and Media Professionals",0,"Forestry and Logging",0
"Brisbane - East","Manly - Lota","Specialist Managers",398,"Construction Services",395
"Brisbane - East","Manly - Lota","Business, Human Resource and Marketing Professionals",201,"Public Administration",221
"Brisbane - East","Manly - Lota","Construction Trades Workers",173,"Professional, Scientific and Technical Services (Except Computer System Design and Related Services)",213
"Brisbane - East","Manly West","Specialist Managers",569,"Construction Services",595
"Brisbane - East","Manly West","Sales Assistants and Salespersons",314,"Preschool and School Education",392
"Brisbane - East","Manly West","Carers and Aides",311,"Public Administration",360
"Brisbane - East","Murarrie","Specialist Managers",364,"Construction Services",263
"Brisbane - East","Murarrie","Business, Human Resource and Marketing Professionals",242,"Public Administration",236
"Brisbane - East","Murarrie","Carers and Aides",225,"Other Store-Based Retailing",190
"Brisbane - East","Tingalpa","Specialist Managers",389,"Construction Services",411
"Brisbane - East","Tingalpa","Health Professionals",277,"Hospitals",309
"Brisbane - East","Tingalpa","Business, Human Resource and Marketing Professionals",270,"Tertiary Education",309
"Brisbane - East","Wakerley","Specialist Managers",497,"Construction Services",378
"Brisbane - East","Wakerley","Business, Human Resource and Marketing Professionals",279,"Hospitals",284
"Brisbane - East","Wakerley","Health Professionals",250,"Preschool and School Education",220
"Brisbane - East","Wynnum","Specialist Managers",732,"Construction Services",800
"Brisbane - East","Wynnum","Sales Assistants and Salespersons",395,"Preschool and School Education",464
"Brisbane - East","Wynnum","Health Professionals",386,"Public Administration",455
"Brisbane - East","Wynnum West - Hemmant","Specialist Managers",570,"Construction Services",743
"Brisbane - East","Wynnum West - Hemmant","Carers and Aides",411,"Air and Space Transport",492
"Brisbane - East","Wynnum West - Hemmant","Business, Human Resource and Marketing Professionals",371,"Tertiary Education",457
"Brisbane - North","Aspley","Carers and Aides",646,"Public Administration",649
"Brisbane - North","Aspley","Business, Human Resource and Marketing Professionals",619,"Professional, Scientific and Technical Services (Except Computer System Design and Related Services)",627
"Brisbane - North","Aspley","Specialist Managers",599,"Other Store-Based Retailing",526
"Brisbane - North","Bald Hills","Carers and Aides",349,"Construction Services",417
"Brisbane - North","Bald Hills","Sales Assistants and Salespersons",252,"Public Administration",271
"Brisbane - North","Bald Hills","Specialist Managers",234,"Professional, Scientific and Technical Services (Except Computer System Design and Related Services)",253
"Brisbane - North","Boondall","Carers and Aides",369,"Public Administration",405
"Brisbane - North","Boondall","Business, Human Resource and Marketing Professionals",338,"Professional, Scientific and Technical Services (Except Computer System Design and Related Services)",320
"Brisbane - North","Boondall","Specialist Managers",285,"Other Store-Based Retailing",282
"Brisbane - North","Bracken Ridge","Carers and Aides",1157,"Professional, Scientific and Technical Services (Except Computer System Design and Related Services)",1113
"Brisbane - North","Bracken Ridge","Business, Human Resource and Marketing Professionals",789,"Public Administration",990
"Brisbane - North","Bracken Ridge","Specialist Managers",728,"Other Store-Based Retailing",739
"Brisbane - North","Bridgeman Downs","Specialist Managers",923,"Professional, Scientific and Technical Services (Except Computer System Design and Related Services)",481
"Brisbane - North","Bridgeman Downs","Carers and Aides",458,"Public Administration",368
"Brisbane - North","Bridgeman Downs","Business, Human Resource and Marketing Professionals",314,"Tertiary Education",359
"Brisbane - North","Brighton (Qld)","Business, Human Resource and Marketing Professionals",315,"Professional, Scientific and Technical Services (Except Computer System Design and Related Services)",497
"Brisbane - North","Brighton (Qld)","Protective Service Workers",310,"Public Administration",295
"Brisbane - North","Brighton (Qld)","Specialist Managers",293,"Public Order, Safety and Regulatory Services",272
"Brisbane - North","Brisbane Airport","Road and Rail Drivers",17,"Heavy and Civil Engineering Construction",18
"Brisbane - North","Brisbane Airport","Carers and Aides",16,"Road Transport",8
"Brisbane - North","Brisbane Airport","Storepersons",5,"Exploration and Other Mining Support Services",3
"Brisbane - North","Carseldine","Specialist Managers",482,"Public Administration",441
"Brisbane - North","Carseldine","Business, Human Resource and Marketing Professionals",393,"Professional, Scientific and Technical Services (Except Computer System Design and Related Services)",370
"Brisbane - North","Carseldine","Carers and Aides",348,"Construction Services",368
"Brisbane - North","Chermside","Carers and Aides",901,"Public Administration",701
"Brisbane - North","Chermside","Business, Human Resource and Marketing Professionals",448,"Hospitals",699
"Brisbane - North","Chermside","ICT Professionals",440,"Food and Beverage Services",651
"Brisbane - North","Chermside West","Carers and Aides",413,"Public Administration",334
"Brisbane - North","Chermside West","Specialist Managers",289,"Professional, Scientific and Technical Services (Except Computer System Design and Related Services)",228
"Brisbane - North","Chermside West","Education Professionals",277,"Social Assistance Services",220
"Brisbane - North","Deagon","Business, Human Resource and Marketing Professionals",153,"Professional, Scientific and Technical Services (Except Computer System Design and Related Services)",221
"Brisbane - North","Deagon","Carers and Aides",119,"Public Administration",180
"Brisbane - North","Deagon","Specialist Managers",114,"Tertiary Education",121
"Brisbane - North","Eagle Farm - Pinkenba","Construction Trades Workers",608,"Construction Services",514
"Brisbane - North","Eagle Farm - Pinkenba","Food Trades Workers",523,"Food and Beverage Services",490
"Brisbane - North","Eagle Farm - Pinkenba","Construction and Mining Labourers",452,"Road Transport",459
"Brisbane - North","Everton Park","Carers and Aides",987,"Public Administration",629
"Brisbane - North","Everton Park","Education Professionals",576,"Professional, Scientific and Technical Services (Except Computer System Design and Related Services)",618
"Brisbane - North","Everton Park","Specialist Managers",537,"Social Assistance Services",445
"Brisbane - North","Geebung","Carers and Aides",236,"Professional, Scientific and Technical Services (Except Computer System Design and Related Services)",251
"Brisbane - North","Geebung","Business, Human Resource and Marketing Professionals",222,"Public Administration",239
"Brisbane - North","Geebung","Specialist Managers",193,"Preschool and School Education",181
"Brisbane - North","Kedron - Gordon Park","Specialist Managers",747,"Professional, Scientific and Technical Services (Except Computer System Design and Related Services)",620
"Brisbane - North","Kedron - Gordon Park","Business, Human Resource and Marketing Professionals",684,"Public Administration",603
"Brisbane - North","Kedron - Gordon Park","Carers and Aides",565,"Social Assistance Services",458
"Brisbane - North","McDowall","Carers and Aides",728,"Public Administration",511
"Brisbane - North","McDowall","Specialist Managers",585,"Professional, Scientific and Technical Services (Except Computer System Design and Related Services)",437
"Brisbane - North","McDowall","Education Professionals",520,"Preschool and School Education",431
"Brisbane - North","Northgate - Virginia","Business, Human Resource and Marketing Professionals",325,"Professional, Scientific and Technical Services (Except Computer System Design and Related Services)",401
"Brisbane - North","Northgate - Virginia","Specialist Managers",287,"Public Administration",352
"Brisbane - North","Northgate - Virginia","Carers and Aides",233,"Food and Beverage Services",240
"Brisbane - North","Nudgee - Banyo","Business, Human Resource and Marketing Professionals",423,"Professional, Scientific and Technical Services (Except Computer System Design and Related Services)",523
"Brisbane - North","Nudgee - Banyo","Specialist Managers",324,"Public Administration",424
"Brisbane - North","Nudgee - Banyo","Carers and Aides",316,"Rail Transport",275
"Brisbane - North","Nundah","Business, Human Resource and Marketing Professionals",636,"Professional, Scientific and Technical Services (Except Computer System Design and Related Services)",746
"Brisbane - North","Nundah","ICT Professionals",520,"Public Administration",716
"Brisbane - North","Nundah","Carers and Aides",518,"Food and Beverage Services",475
"Brisbane - North","Sandgate - Shorncliffe","Specialist Managers",354,"Professional, Scientific and Technical Services (Except Computer System Design and Related Services)",499
"Brisbane - North","Sandgate - Shorncliffe","Business, Human Resource and Marketing Professionals",286,"Public Administration",327
"Brisbane - North","Sandgate - Shorncliffe","Carers and Aides",258,"Tertiary Education",226
"Brisbane - North","Stafford","ICT Professionals",402,"Professional, Scientific and Technical Services (Except Computer System Design and Related Services)",380
"Brisbane - North","Stafford","Business, Human Resource and Marketing Professionals",327,"Computer System Design and Related Services",321
"Brisbane - North","Stafford","Specialist Managers",285,"Public Administration",272
"Brisbane - North","Stafford Heights","Carers and Aides",562,"Professional, Scientific and Technical Services (Except Computer System Design and Related Services)",404
"Brisbane - North","Stafford Heights","Education Professionals",358,"Public Administration",303
"Brisbane - North","Stafford Heights","Specialist Managers",345,"Other Store-Based Retailing",233
"Brisbane - North","Taigum - Fitzgibbon","Carers and Aides",662,"Public Administration",562
"Brisbane - North","Taigum - Fitzgibbon","ICT Professionals",584,"Professional, Scientific and Technical Services (Except Computer System Design and Related Services)",420
"Brisbane - North","Taigum - Fitzgibbon","Business, Human Resource and Marketing Professionals",486,"Social Assistance Services",414
"Brisbane - North","Wavell Heights","Specialist Managers",538,"Professional, Scientific and Technical Services (Except Computer System Design and Related Services)",593
"Brisbane - North","Wavell Heights","Business, Human Resource and Marketing Professionals",498,"Public Administration",542
"Brisbane - North","Wavell Heights","Carers and Aides",312,"Other Store-Based Retailing",290
"Brisbane - North","Zillmere","Carers and Aides",440,"Public Administration",417
"Brisbane - North","Zillmere","Business, Human Resource and Marketing Professionals",339,"Professional, Scientific and Technical Services (Except Computer System Design and Related Services)",414
"Brisbane - North","Zillmere","Specialist Managers",259,"Social Assistance Services",291
"Brisbane - South","Algester","Carers and Aides",416,"Professional, Scientific and Technical Services (Except Computer System Design and Related Services)",496
"Brisbane - South","Algester","Business, Human Resource and Marketing Professionals",395,"Construction Services",301
"Brisbane - South","Algester","Specialist Managers",287,"Food and Beverage Services",289
"Brisbane - South","Annerley","Carers and Aides",596,"Professional, Scientific and Technical Services (Except Computer System Design and Related Services)",625
"Brisbane - South","Annerley","Specialist Managers",591,"Public Administration",499
"Brisbane - South","Annerley","ICT Professionals",578,"Hospitals",460
"Brisbane - South","Calamvale - Stretton","Business, Human Resource and Marketing Professionals",1281,"Professional, Scientific and Technical Services (Except Computer System Design and Related Services)",1686
"Brisbane - South","Calamvale - Stretton","Carers and Aides",970,"Food and Beverage Services",1085
"Brisbane - South","Calamvale - Stretton","Specialist Managers",857,"Public Administration",888
"Brisbane - South","Camp Hill","Specialist Managers",830,"Professional, Scientific and Technical Services (Except Computer System Design and Related Services)",600
"Brisbane - South","Camp Hill","Business, Human Resource and Marketing Professionals",579,"Preschool and School Education",387
"Brisbane - South","Camp Hill","Education Professionals",393,"Non-Store Retailing and Retail Commission-Based Buying and/or Selling",361
"Brisbane - South","Cannon Hill","Specialist Managers",345,"Other Store-Based Retailing",285
"Brisbane - South","Cannon Hill","Business, Human Resource and Marketing Professionals",254,"Professional, Scientific and Technical Services (Except Computer System Design and Related Services)",240
"Brisbane - South","Cannon Hill","ICT Professionals",223,"Preschool and School Education",200
"Brisbane - South","Carina","Specialist Managers",619,"Professional, Scientific and Technical Services (Except Computer System Design and Related Services)",414
"Brisbane - South","Carina","Business, Human Resource and Marketing Professionals",475,"Preschool and School Education",368
"Brisbane - South","Carina","Carers and Aides",399,"Social Assistance Services",331
"Brisbane - South","Carina Heights","Specialist Managers",312,"Other Store-Based Retailing",308
"Brisbane - South","Carina Heights","ICT Professionals",295,"Public Administration",284
"Brisbane - South","Carina Heights","Carers and Aides",283,"Professional, Scientific and Technical Services (Except Computer System Design and Related Services)",242
"Brisbane - South","Carindale","Specialist Managers",1015,"Professional, Scientific and Technical Services (Except Computer System Design and Related Services)",796
"Brisbane - South","Carindale","Business, Human Resource and Marketing Professionals",792,"Other Store-Based Retailing",669
"Brisbane - South","Carindale","ICT Professionals",569,"Public Administration",584
"Brisbane - South","Coopers Plains","Carers and Aides",310,"Professional, Scientific and Technical Services (Except Computer System Design and Related Services)",392
"Brisbane - South","Coopers Plains","Business, Human Resource and Marketing Professionals",206,"Public Administration",290
"Brisbane - South","Coopers Plains","Design, Engineering, Science and Transport Professionals",170,"Food and Beverage Services",272
"Brisbane - South","Coorparoo","Business, Human Resource and Marketing Professionals",994,"Professional, Scientific and Technical Services (Except Computer System Design and Related Services)",1077
"Brisbane - South","Coorparoo","Specialist Managers",942,"Public Administration",690
"Brisbane - South","Coorparoo","ICT Professionals",784,"Medical and Other Health Care Services",578
"Brisbane - South","Eight Mile Plains","Business, Human Resource and Marketing Professionals",930,"Professional, Scientific and Technical Services (Except Computer System Design and Related Services)",1357
"Brisbane - South","Eight Mile Plains","Design, Engineering, Science and Transport Professionals",805,"Food and Beverage Services",964
"Brisbane - South","Eight Mile Plains","Specialist Managers",766,"Public Administration",749
"Brisbane - South","Fairfield - Dutton Park","Specialist Managers",307,"Food and Beverage Services",276
"Brisbane - South","Fairfield - Dutton Park","Education Professionals",300,"Social Assistance Services",256
"Brisbane - South","Fairfield - Dutton Park","Carers and Aides",275,"Professional, Scientific and Technical Services (Except Computer System Design and Related Services)",255
"Brisbane - South","Greenslopes","Specialist Managers",570,"Professional, Scientific and Technical Services (Except Computer System Design and Related Services)",507
"Brisbane - South","Greenslopes","ICT Professionals",569,"Hospitals",440
"Brisbane - South","Greenslopes","Business, Human Resource and Marketing Professionals",482,"Food and Beverage Services",429
"Brisbane - South","Holland Park","Specialist Managers",515,"Professional, Scientific and Technical Services (Except Computer System Design and Related Services)",361
"Brisbane - South","Holland Park","Business, Human Resource and Marketing Professionals",376,"Public Administration",298
"Brisbane - South","Holland Park","Education Professionals",317,"Preschool and School Education",290
"Brisbane - South","Holland Park West","Specialist Managers",443,"Professional, Scientific and Technical Services (Except Computer System Design and Related Services)",284
"Brisbane - South","Holland Park West","ICT Professionals",396,"Public Administration",275
"Brisbane - South","Holland Park West","Business, Human Resource and Marketing Professionals",292,"Preschool and School Education",267
"Brisbane - South","Kuraby","Specialist Managers",385,"Professional, Scientific and Technical Services (Except Computer System Design and Related Services)",557
"Brisbane - South","Kuraby","Business, Human Resource and Marketing Professionals",379,"Food and Beverage Services",349
"Brisbane - South","Kuraby","Design, Engineering, Science and Transport Professionals",370,"Public Administration",329
"Brisbane - South","Macgregor (Qld)","Carers and Aides",305,"Food and Beverage Services",423
"Brisbane - South","Macgregor (Qld)","Design, Engineering, Science and Transport Professionals",258,"Professional, Scientific and Technical Services (Except Computer System Design and Related Services)",301
"Brisbane - South","Macgregor (Qld)","Business, Human Resource and Marketing Professionals",245,"Public Administration",267
"Brisbane - South","Mansfield (Qld)","Business, Human Resource and Marketing Professionals",385,"Professional, Scientific and Technical Services (Except Computer System Design and Related Services)",517
"Brisbane - South","Mansfield (Qld)","Carers and Aides",384,"Public Administration",345
"Brisbane - South","Mansfield (Qld)","Specialist Managers",296,"Other Store-Based Retailing",338
"Brisbane - South","Moorooka","Specialist Managers",644,"Professional, Scientific and Technical Services (Except Computer System Design and Related Services)",460
"Brisbane - South","Moorooka","Carers and Aides",481,"Public Administration",442
"Brisbane - South","Moorooka","Education Professionals",454,"Tertiary Education",351
"Brisbane - South","Mount Gravatt","Business, Human Resource and Marketing Professionals",949,"Public Administration",938
"Brisbane - South","Mount Gravatt","Specialist Managers",920,"Professional, Scientific and Technical Services (Except Computer System Design and Related Services)",875
"Brisbane - South","Mount Gravatt","Carers and Aides",753,"Other Store-Based Retailing",625
"Brisbane - South","Pallara - Willawong","Specialist Managers",366,"Other Store-Based Retailing",378
"Brisbane - South","Pallara - Willawong","Business, Human Resource and Marketing Professionals",321,"Construction Services",330
"Brisbane - South","Pallara - Willawong","Health Professionals",296,"Public Order, Safety and Regulatory Services",324
"Brisbane - South","Parkinson - Drewvale","Specialist Managers",725,"Professional, Scientific and Technical Services (Except Computer System Design and Related Services)",651
"Brisbane - South","Parkinson - Drewvale","Business, Human Resource and Marketing Professionals",643,"Public Administration",650
"Brisbane - South","Parkinson - Drewvale","Carers and Aides",604,"Tertiary Education",636
"Brisbane - South","Robertson","Carers and Aides",286,"Professional, Scientific and Technical Services (Except Computer System Design and Related Services)",430
"Brisbane - South","Robertson","Business, Human Resource and Marketing Professionals",221,"Food and Beverage Services",364
"Brisbane - South","Robertson","Specialist Managers",206,"Public Administration",229
"Brisbane - South","Rochedale - Burbank","Specialist Managers",957,"Professional, Scientific and Technical Services (Except Computer System Design and Related Services)",1289
"Brisbane - South","Rochedale - Burbank","Business, Human Resource and Marketing Professionals",605,"Construction Services",887
"Brisbane - South","Rochedale - Burbank","Education Professionals",572,"Public Administration",407
"Brisbane - South","Rocklea - Acacia Ridge","Carers and Aides",640,"Food and Beverage Services",440
"Brisbane - South","Rocklea - Acacia Ridge","Road and Rail Drivers",307,"Public Administration",432
"Brisbane - South","Rocklea - Acacia Ridge","Business, Human Resource and Marketing Professionals",286,"Construction Services",361
"Brisbane - South","Runcorn","Carers and Aides",810,"Professional, Scientific and Technical Services (Except Computer System Design and Related Services)",1224
"Brisbane - South","Runcorn","Business, Human Resource and Marketing Professionals",776,"Food and Beverage Services",985
"Brisbane - South","Runcorn","Design, Engineering, Science and Transport Professionals",693,"Public Administration",749
"Brisbane - South","Salisbury - Nathan","Sports and Personal Service Workers",345,"Public Administration",308
"Brisbane - South","Salisbury - Nathan","Specialist Managers",334,"Food and Beverage Services",292
"Brisbane - South","Salisbury - Nathan","Carers and Aides",329,"Professional, Scientific and Technical Services (Except Computer System Design and Related Services)",277
"Brisbane - South","Sunnybank","Carers and Aides",470,"Food and Beverage Services",669
"Brisbane - South","Sunnybank","Business, Human Resource and Marketing Professionals",439,"Professional, Scientific and Technical Services (Except Computer System Design and Related Services)",643
"Brisbane - South","Sunnybank","Education Professionals",354,"Public Administration",422
"Brisbane - South","Sunnybank Hills","Business, Human Resource and Marketing Professionals",871,"Professional, Scientific and Technical Services (Except Computer System Design and Related Services)",1291
"Brisbane - South","Sunnybank Hills","Carers and Aides",844,"Food and Beverage Services",1037
"Brisbane - South","Sunnybank Hills","Design, Engineering, Science and Transport Professionals",712,"Public Administration",762
"Brisbane - South","Tarragindi","Specialist Managers",682,"Professional, Scientific and Technical Services (Except Computer System Design and Related Services)",436
"Brisbane - South","Tarragindi","Education Professionals",459,"Preschool and School Education",418
"Brisbane - South","Tarragindi","Business, Human Resource and Marketing Professionals",443,"Public Administration",374
"Brisbane - South","Upper Mount Gravatt","Carers and Aides",1088,"Professional, Scientific and Technical Services (Except Computer System Design and Related Services)",1527
"Brisbane - South","Upper Mount Gravatt","Specialist Managers",934,"Food and Beverage Services",1226
"Brisbane - South","Upper Mount Gravatt","Business, Human Resource and Marketing Professionals",924,"Public Administration",968
"Brisbane - South","Wishart","Business, Human Resource and Marketing Professionals",496,"Professional, Scientific and Technical Services (Except Computer System Design and Related Services)",655
"Brisbane - South","Wishart","Specialist Managers",466,"Public Administration",505
"Brisbane - South","Wishart","Carers and Aides",441,"Preschool and School Education",436
"Brisbane - South","Woolloongabba","Carers and Aides",734,"Food and Beverage Services",1048
"Brisbane - South","Woolloongabba","ICT Professionals",721,"Professional, Scientific and Technical Services (Except Computer System Design and Related Services)",676
"Brisbane - South","Woolloongabba","Business, Human Resource and Marketing Professionals",654,"Public Administration",563
"Brisbane - South","Yeronga","Specialist Managers",569,"Professional, Scientific and Technical Services (Except Computer System Design and Related Services)",551
"Brisbane - South","Yeronga","ICT Professionals",483,"Medical and Other Health Care Services",337
"Brisbane - South","Yeronga","Business, Human Resource and Marketing Professionals",399,"Public Administration",306
"Brisbane - West","Bellbowrie - Moggill","Design, Engineering, Science and Transport Professionals",437,"Professional, Scientific and Technical Services (Except Computer System Design and Related Services)",951
"Brisbane - West","Bellbowrie - Moggill","Specialist Managers",396,"Medical and Other Health Care Services",581
"Brisbane - West","Bellbowrie - Moggill","Education Professionals",392,"Preschool and School Education",294
"Brisbane - West","Brookfield - Kenmore Hills","Specialist Managers",508,"Professional, Scientific and Technical Services (Except Computer System Design and Related Services)",429
"Brisbane - West","Brookfield - Kenmore Hills","ICT Professionals",441,"Tertiary Education",393
"Brisbane - West","Brookfield - Kenmore Hills","Health Professionals",370,"Computer System Design and Related Services",362
"Brisbane - West","Chapel Hill","ICT Professionals",1121,"Professional, Scientific and Technical Services (Except Computer System Design and Related Services)",952
"Brisbane - West","Chapel Hill","Specialist Managers",977,"Computer System Design and Related Services",779
"Brisbane - West","Chapel Hill","Education Professionals",618,"Preschool and School Education",430
"Brisbane - West","Chelmer - Graceville","Specialist Managers",629,"Professional, Scientific and Technical Services (Except Computer System Design and Related Services)",387
"Brisbane - West","Chelmer - Graceville","ICT Professionals",384,"Computer System Design and Related Services",306
"Brisbane - West","Chelmer - Graceville","Business, Human Resource and Marketing Professionals",344,"Medical and Other Health Care Services",297
"Brisbane - West","Corinda","Business, Human Resource and Marketing Professionals",309,"Professional, Scientific and Technical Services (Except Computer System Design and Related Services)",435
"Brisbane - West","Corinda","Specialist Managers",291,"Public Administration",284
"Brisbane - West","Corinda","Design, Engineering, Science and Transport Professionals",266,"Preschool and School Education",241
"Brisbane - West","Enoggera","Protective Service Workers",945,"Public Administration",1133
"Brisbane - West","Enoggera","Business, Human Resource and Marketing Professionals",651,"Professional, Scientific and Technical Services (Except Computer System Design and Related Services)",475
"Brisbane - West","Enoggera","ICT Professionals",626,"Computer System Design and Related Services",438
"Brisbane - West","Enoggera Reservoir","Education Professionals",29,"Professional, Scientific and Technical Services (Except Computer System Design and Related Services)",5
"Brisbane - West","Enoggera Reservoir","Chief Executives, General Managers and Legislators",0,"Preschool and School Education",4
"Brisbane - West","Enoggera Reservoir","Farmers and Farm Managers",0,"Repair and Maintenance",4
"Brisbane - West","Fig Tree Pocket","Specialist Managers",381,"Professional, Scientific and Technical Services (Except Computer System Design and Related Services)",379
"Brisbane - West","Fig Tree Pocket","ICT Professionals",283,"Computer System Design and Related Services",309
"Brisbane - West","Fig Tree Pocket","Education Professionals",196,"Medical and Other Health Care Services",214
"Brisbane - West","Indooroopilly","ICT Professionals",1282,"Professional, Scientific and Technical Services (Except Computer System Design and Related Services)",1052
"Brisbane - West","Indooroopilly","Specialist Managers",911,"Computer System Design and Related Services",730
"Brisbane - West","Indooroopilly","Design, Engineering, Science and Transport Professionals",832,"Medical and Other Health Care Services",647
"Brisbane - West","Jindalee - Mount Ommaney","Specialist Managers",392,"Professional, Scientific and Technical Services (Except Computer System Design and Related Services)",646
"Brisbane - West","Jindalee - Mount Ommaney","Business, Human Resource and Marketing Professionals",365,"Other Store-Based Retailing",283
"Brisbane - West","Jindalee - Mount Ommaney","Design, Engineering, Science and Transport Professionals",281,"Preschool and School Education",257
"Brisbane - West","Kenmore","ICT Professionals",932,"Professional, Scientific and Technical Services (Except Computer System Design and Related Services)",673
"Brisbane - West","Kenmore","Specialist Managers",673,"Computer System Design and Related Services",566
"Brisbane - West","Kenmore","Education Professionals",475,"Preschool and School Education",358
"Brisbane - West","Keperra","Carers and Aides",3116,"Professional, Scientific and Technical Services (Except Computer System Design and Related Services)",357
"Brisbane - West","Keperra","Cleaners and Laundry Workers",237,"Public Administration",349
"Brisbane - West","Keperra","Education Professionals",94,"Preschool and School Education",286
"Brisbane - West","Middle Park - Jamboree Heights","Business, Human Resource and Marketing Professionals",379,"Tertiary Education",489
"Brisbane - West","Middle Park - Jamboree Heights","Specialist Managers",378,"Professional, Scientific and Technical Services (Except Computer System Design and Related Services)",412
"Brisbane - West","Middle Park - Jamboree Heights","Design, Engineering, Science and Transport Professionals",266,"Preschool and School Education",278
"Brisbane - West","Mitchelton","Carers and Aides",984,"Public Administration",804
"Brisbane - West","Mitchelton","Education Professionals",680,"Professional, Scientific and Technical Services (Except Computer System Design and Related Services)",613
"Brisbane - West","Mitchelton","Specialist Managers",619,"Preschool and School Education",580
"Brisbane - West","Mount Coot-tha","Health Professionals",0,"Agriculture",0
"Brisbane - West","Mount Coot-tha","Automotive and Engineering Trades Workers",0,"Agriculture, Forestry and Fishing Support Services",0
"Brisbane - West","Mount Coot-tha","Construction Trades Workers",0,"Coal Mining",0
"Brisbane - West","Pinjarra Hills - Pullenvale","Specialist Managers",440,"Professional, Scientific and Technical Services (Except Computer System Design and Related Services)",338
"Brisbane - West","Pinjarra Hills - Pullenvale","ICT Professionals",405,"Computer System Design and Related Services",294
"Brisbane - West","Pinjarra Hills - Pullenvale","Education Professionals",174,"Tertiary Education",146
"Brisbane - West","Riverhills","ICT Professionals",209,"Professional, Scientific and Technical Services (Except Computer System Design and Related Services)",189
"Brisbane - West","Riverhills","Specialist Managers",186,"Computer System Design and Related Services",171
"Brisbane - West","Riverhills","Carers and Aides",164,"Other Store-Based Retailing",149
"Brisbane - West","Seventeen Mile Rocks - Sinnamon Park","Specialist Managers",567,"Professional, Scientific and Technical Services (Except Computer System Design and Related Services)",831
"Brisbane - West","Seventeen Mile Rocks - Sinnamon Park","Design, Engineering, Science and Transport Professionals",473,"Tertiary Education",397
"Brisbane - West","Seventeen Mile Rocks - Sinnamon Park","Business, Human Resource and Marketing Professionals",467,"Public Order, Safety and Regulatory Services",314
"Brisbane - West","Sherwood","Specialist Managers",399,"Professional, Scientific and Technical Services (Except Computer System Design and Related Services)",364
"Brisbane - West","Sherwood","Business, Human Resource and Marketing Professionals",317,"Public Administration",251
"Brisbane - West","Sherwood","ICT Professionals",301,"Preschool and School Education",240
"Brisbane - West","St Lucia","Education Professionals",981,"Professional, Scientific and Technical Services (Except Computer System Design and Related Services)",992
"Brisbane - West","St Lucia","Hospitality Workers",707,"Tertiary Education",941
"Brisbane - West","St Lucia","Design, Engineering, Science and Transport Professionals",704,"Food and Beverage Services",872
"Brisbane - West","Taringa","ICT Professionals",775,"Professional, Scientific and Technical Services (Except Computer System Design and Related Services)",682
"Brisbane - West","Taringa","Design, Engineering, Science and Transport Professionals",620,"Computer System Design and Related Services",490
"Brisbane - West","Taringa","Education Professionals",530,"Food and Beverage Services",408
"Brisbane - West","The Gap","Education Professionals",1441,"Professional, Scientific and Technical Services (Except Computer System Design and Related Services)",1220
"Brisbane - West","The Gap","Specialist Managers",1208,"Preschool and School Education",943
"Brisbane - West","The Gap","Carers and Aides",1174,"Public Administration",683
"Brisbane - West","Upper Kedron - Ferny Grove","Protective Service Workers",1458,"Preschool and School Education",854
"Brisbane - West","Upper Kedron - Ferny Grove","Carers and Aides",784,"Public Order, Safety and Regulatory Services",738
"Brisbane - West","Upper Kedron - Ferny Grove","Specialist Managers",599,"Public Administration",711
"Brisbane - West","Westlake","Specialist Managers",303,"Tertiary Education",299
"Brisbane - West","Westlake","Business, Human Resource and Marketing Professionals",223,"Professional, Scientific and Technical Services (Except Computer System Design and Related Services)",257
"Brisbane - West","Westlake","Design, Engineering, Science and Transport Professionals",194,"Other Store-Based Retailing",174
"Brisbane Inner City","Albion","Specialist Managers",320,"Professional, Scientific and Technical Services (Except Computer System Design and Related Services)",371
"Brisbane Inner City","Albion","Business, Human Resource and Marketing Professionals",306,"Food and Beverage Services",308
"Brisbane Inner City","Albion","ICT Professionals",267,"Computer System Design and Related Services",220
"Brisbane Inner City","Alderley","Specialist Managers",436,"Public Administration",341
"Brisbane Inner City","Alderley","Business, Human Resource and Marketing Professionals",379,"Professional, Scientific and Technical Services (Except Computer System Design and Related Services)",296
"Brisbane Inner City","Alderley","ICT Professionals",324,"Medical and Other Health Care Services",255
"Brisbane Inner City","Ascot","Business, Human Resource and Marketing Professionals",451,"Professional, Scientific and Technical Services (Except Computer System Design and Related Services)",629
"Brisbane Inner City","Ascot","Specialist Managers",392,"Food and Beverage Services",317
"Brisbane Inner City","Ascot","Design, Engineering, Science and Transport Professionals",247,"Other Store-Based Retailing",244
"Brisbane Inner City","Ashgrove","Specialist Managers",961,"Professional, Scientific and Technical Services (Except Computer System Design and Related Services)",728
"Brisbane Inner City","Ashgrove","Business, Human Resource and Marketing Professionals",795,"Preschool and School Education",562
"Brisbane Inner City","Ashgrove","Education Professionals",663,"Public Administration",492
"Brisbane Inner City","Auchenflower","Business, Human Resource and Marketing Professionals",439,"Professional, Scientific and Technical Services (Except Computer System Design and Related Services)",516
"Brisbane Inner City","Auchenflower","Specialist Managers",411,"Accommodation",261
"Brisbane Inner City","Auchenflower","ICT Professionals",384,"Medical and Other Health Care Services",245
"Brisbane Inner City","Balmoral","Specialist Managers",325,"Professional, Scientific and Technical Services (Except Computer System Design and Related Services)",312
"Brisbane Inner City","Balmoral","Business, Human Resource and Marketing Professionals",283,"Public Administration",167
"Brisbane Inner City","Balmoral","Design, Engineering, Science and Transport Professionals",181,"Computer System Design and Related Services",149
"Brisbane Inner City","Bardon","Specialist Managers",761,"Professional, Scientific and Technical Services (Except Computer System Design and Related Services)",692
"Brisbane Inner City","Bardon","Business, Human Resource and Marketing Professionals",579,"Computer System Design and Related Services",385
"Brisbane Inner City","Bardon","ICT Professionals",494,"Medical and Other Health Care Services",339
"Brisbane Inner City","Brisbane City","ICT Professionals",2318,"Professional, Scientific and Technical Services (Except Computer System Design and Related Services)",2489
"Brisbane Inner City","Brisbane City","Specialist Managers",1839,"Food and Beverage Services",2041
"Brisbane Inner City","Brisbane City","Business, Human Resource and Marketing Professionals",1612,"Computer System Design and Related Services",1505
"Brisbane Inner City","Bulimba","Specialist Managers",661,"Professional, Scientific and Technical Services (Except Computer System Design and Related Services)",504
"Brisbane Inner City","Bulimba","Business, Human Resource and Marketing Professionals",464,"Computer System Design and Related Services",230
"Brisbane Inner City","Bulimba","Design, Engineering, Science and Transport Professionals",273,"Public Administration",226
"Brisbane Inner City","Clayfield","Business, Human Resource and Marketing Professionals",721,"Professional, Scientific and Technical Services (Except Computer System Design and Related Services)",925
"Brisbane Inner City","Clayfield","Specialist Managers",638,"Public Administration",424
"Brisbane Inner City","Clayfield","Design, Engineering, Science and Transport Professionals",449,"Food and Beverage Services",414
"Brisbane Inner City","East Brisbane","Specialist Managers",480,"Professional, Scientific and Technical Services (Except Computer System Design and Related Services)",630
"Brisbane Inner City","East Brisbane","Business, Human Resource and Marketing Professionals",461,"Food and Beverage Services",434
"Brisbane Inner City","East Brisbane","ICT Professionals",341,"Computer System Design and Related Services",289
"Brisbane Inner City","Fortitude Valley","ICT Professionals",1365,"Professional, Scientific and Technical Services (Except Computer System Design and Related Services)",1348
"Brisbane Inner City","Fortitude Valley","Business, Human Resource and Marketing Professionals",1216,"Food and Beverage Services",1030
"Brisbane Inner City","Fortitude Valley","Specialist Managers",1192,"Computer System Design and Related Services",927
"Brisbane Inner City","Grange","Specialist Managers",305,"Professional, Scientific and Technical Services (Except Computer System Design and Related Services)",315
"Brisbane Inner City","Grange","Business, Human Resource and Marketing Professionals",250,"Medical and Other Health Care Services",183
"Brisbane Inner City","Grange","Design, Engineering, Science and Transport Professionals",197,"Public Administration",180
"Brisbane Inner City","Hamilton (Qld)","Specialist Managers",477,"Professional, Scientific and Technical Services (Except Computer System Design and Related Services)",557
"Brisbane Inner City","Hamilton (Qld)","Business, Human Resource and Marketing Professionals",382,"Food and Beverage Services",299
"Brisbane Inner City","Hamilton (Qld)","Design, Engineering, Science and Transport Professionals",262,"Other Store-Based Retailing",243
"Brisbane Inner City","Hawthorne","Specialist Managers",432,"Professional, Scientific and Technical Services (Except Computer System Design and Related Services)",366
"Brisbane Inner City","Hawthorne","Business, Human Resource and Marketing Professionals",398,"Computer System Design and Related Services",195
"Brisbane Inner City","Hawthorne","Design, Engineering, Science and Transport Professionals",218,"Social Assistance Services",172
"Brisbane Inner City","Hendra","Specialist Managers",353,"Professional, Scientific and Technical Services (Except Computer System Design and Related Services)",351
"Brisbane Inner City","Hendra","Business, Human Resource and Marketing Professionals",273,"Food and Beverage Services",170
"Brisbane Inner City","Hendra","Education Professionals",136,"Public Administration",158
"Brisbane Inner City","Highgate Hill","Design, Engineering, Science and Transport Professionals",462,"Professional, Scientific and Technical Services (Except Computer System Design and Related Services)",590
"Brisbane Inner City","Highgate Hill","Specialist Managers",426,"Food and Beverage Services",362
"Brisbane Inner City","Highgate Hill","ICT Professionals",420,"Public Administration",312
"Brisbane Inner City","Kangaroo Point","Specialist Managers",781,"Professional, Scientific and Technical Services (Except Computer System Design and Related Services)",846
"Brisbane Inner City","Kangaroo Point","Business, Human Resource and Marketing Professionals",710,"Food and Beverage Services",563
"Brisbane Inner City","Kangaroo Point","ICT Professionals",627,"Computer System Design and Related Services",447
"Brisbane Inner City","Kelvin Grove - Herston","Business, Human Resource and Marketing Professionals",537,"Professional, Scientific and Technical Services (Except Computer System Design and Related Services)",527
"Brisbane Inner City","Kelvin Grove - Herston","ICT Professionals",528,"Accommodation",508
"Brisbane Inner City","Kelvin Grove - Herston","Specialist Managers",515,"Food and Beverage Services",409
"Brisbane Inner City","Morningside - Seven Hills","Specialist Managers",934,"Professional, Scientific and Technical Services (Except Computer System Design and Related Services)",861
"Brisbane Inner City","Morningside - Seven Hills","Business, Human Resource and Marketing Professionals",751,"Public Administration",470
"Brisbane Inner City","Morningside - Seven Hills","ICT Professionals",605,"Computer System Design and Related Services",426
"Brisbane Inner City","New Farm","Specialist Managers",932,"Professional, Scientific and Technical Services (Except Computer System Design and Related Services)",1290
"Brisbane Inner City","New Farm","Business, Human Resource and Marketing Professionals",919,"Food and Beverage Services",635
"Brisbane Inner City","New Farm","ICT Professionals",781,"Computer System Design and Related Services",515
"Brisbane Inner City","Newmarket","Specialist Managers",313,"Professional, Scientific and Technical Services (Except Computer System Design and Related Services)",299
"Brisbane Inner City","Newmarket","Business, Human Resource and Marketing Professionals",286,"Public Administration",212
"Brisbane Inner City","Newmarket","ICT Professionals",220,"Other Store-Based Retailing",174
"Brisbane Inner City","Newstead - Bowen Hills","Specialist Managers",1884,"Professional, Scientific and Technical Services (Except Computer System Design and Related Services)",2368
"Brisbane Inner City","Newstead - Bowen Hills","Business, Human Resource and Marketing Professionals",1650,"Computer System Design and Related Services",1007
"Brisbane Inner City","Newstead - Bowen Hills","ICT Professionals",1271,"Food and Beverage Services",839
"Brisbane Inner City","Norman Park","Specialist Managers",568,"Professional, Scientific and Technical Services (Except Computer System Design and Related Services)",452
"Brisbane Inner City","Norman Park","Business, Human Resource and Marketing Professionals",378,"Public Administration",242
"Brisbane Inner City","Norman Park","ICT Professionals",292,"Medical and Other Health Care Services",220
"Brisbane Inner City","Paddington - Milton","Specialist Managers",966,"Professional, Scientific and Technical Services (Except Computer System Design and Related Services)",1041
"Brisbane Inner City","Paddington - Milton","Business, Human Resource and Marketing Professionals",925,"Computer System Design and Related Services",613
"Brisbane Inner City","Paddington - Milton","ICT Professionals",797,"Public Administration",510
"Brisbane Inner City","Red Hill (Qld)","Business, Human Resource and Marketing Professionals",491,"Professional, Scientific and Technical Services (Except Computer System Design and Related Services)",500
"Brisbane Inner City","Red Hill (Qld)","Specialist Managers",419,"Computer System Design and Related Services",229
"Brisbane Inner City","Red Hill (Qld)","Design, Engineering, Science and Transport Professionals",331,"Public Administration",228
"Brisbane Inner City","South Brisbane","Specialist Managers",1795,"Food and Beverage Services",2319
"Brisbane Inner City","South Brisbane","ICT Professionals",1769,"Professional, Scientific and Technical Services (Except Computer System Design and Related Services)",1797
"Brisbane Inner City","South Brisbane","Business, Human Resource and Marketing Professionals",1562,"Computer System Design and Related Services",1433
"Brisbane Inner City","Spring Hill","ICT Professionals",791,"Professional, Scientific and Technical Services (Except Computer System Design and Related Services)",562
"Brisbane Inner City","Spring Hill","Business, Human Resource and Marketing Professionals",393,"Food and Beverage Services",493
"Brisbane Inner City","Spring Hill","Design, Engineering, Science and Transport Professionals",376,"Computer System Design and Related Services",423
"Brisbane Inner City","Toowong","ICT Professionals",1023,"Professional, Scientific and Technical Services (Except Computer System Design and Related Services)",945
"Brisbane Inner City","Toowong","Business, Human Resource and Marketing Professionals",793,"Computer System Design and Related Services",656
"Brisbane Inner City","Toowong","Design, Engineering, Science and Transport Professionals",755,"Accommodation",629
"Brisbane Inner City","West End","Specialist Managers",1211,"Professional, Scientific and Technical Services (Except Computer System Design and Related Services)",1527
"Brisbane Inner City","West End","Business, Human Resource and Marketing Professionals",1130,"Food and Beverage Services",1355
"Brisbane Inner City","West End","ICT Professionals",1127,"Public Administration",887
"Brisbane Inner City","Wilston","Specialist Managers",314,"Professional, Scientific and Technical Services (Except Computer System Design and Related Services)",317
"Brisbane Inner City","Wilston","Business, Human Resource and Marketing Professionals",257,"Medical and Other Health Care Services",180
"Brisbane Inner City","Wilston","ICT Professionals",193,"Hospitals",151
"Brisbane Inner City","Windsor","Specialist Managers",573,"Professional, Scientific and Technical Services (Except Computer System Design and Related Services)",630
"Brisbane Inner City","Windsor","Business, Human Resource and Marketing Professionals",502,"Public Administration",393
"Brisbane Inner City","Windsor","Carers and Aides",444,"Hospitals",374
"Brisbane Inner City","Wooloowin - Lutwyche","Specialist Managers",692,"Professional, Scientific and Technical Services (Except Computer System Design and Related Services)",814
"Brisbane Inner City","Wooloowin - Lutwyche","Business, Human Resource and Marketing Professionals",683,"Public Administration",562
"Brisbane Inner City","Wooloowin - Lutwyche","ICT Professionals",508,"Food and Beverage Services",482
"Ipswich","Darra - Sumner","Carers and Aides",273,"Professional, Scientific and Technical Services (Except Computer System Design and Related Services)",258
"Ipswich","Darra - Sumner","ICT Professionals",182,"Food and Beverage Services",243
"Ipswich","Darra - Sumner","Design, Engineering, Science and Transport Professionals",160,"Other Store-Based Retailing",205
"Ipswich","Durack","Carers and Aides",316,"Professional, Scientific and Technical Services (Except Computer System Design and Related Services)",258
"Ipswich","Durack","Sports and Personal Service Workers",263,"Food and Beverage Services",247
"Ipswich","Durack","Sales Assistants and Salespersons",186,"Social Assistance Services",176
"Ipswich","Forest Lake - Doolandella","Carers and Aides",1333,"Tertiary Education",1590
"Ipswich","Forest Lake - Doolandella","Specialist Managers",1332,"Professional, Scientific and Technical Services (Except Computer System Design and Related Services)",1329
"Ipswich","Forest Lake - Doolandella","Business, Human Resource and Marketing Professionals",1127,"Food and Beverage Services",1038
"Ipswich","Inala - Richlands","Carers and Aides",1329,"Food and Beverage Services",1258
"Ipswich","Inala - Richlands","Sports and Personal Service Workers",1163,"Social Assistance Services",753
"Ipswich","Inala - Richlands","Sales Assistants and Salespersons",710,"Construction Services",746
"Ipswich","Karana Downs","Specialist Managers",370,"Professional, Scientific and Technical Services (Except Computer System Design and Related Services)",246
"Ipswich","Karana Downs","Education Professionals",245,"Computer System Design and Related Services",222
"Ipswich","Karana Downs","ICT Professionals",243,"Social Assistance Services",199
"Ipswich","Lake Manchester - England Creek","Farmers and Farm Managers",0,"Primary Metal and Metal Product Manufacturing",0
"Ipswich","Lake Manchester - England Creek","Legal, Social and Welfare Professionals",0,"Fabricated Metal Product Manufacturing",0
"Ipswich","Lake Manchester - England Creek","Automotive and Engineering Trades Workers",0,"Gas Supply",0
"Ipswich","Oxley (Qld)","Protective Service Workers",416,"Professional, Scientific and Technical Services (Except Computer System Design and Related Services)",669
"Ipswich","Oxley (Qld)","Carers and Aides",407,"Public Order, Safety and Regulatory Services",403
"Ipswich","Oxley (Qld)","Design, Engineering, Science and Transport Professionals",365,"Public Administration",370
"Ipswich","Wacol","Carers and Aides",310,"Food Product Manufacturing",243
"Ipswich","Wacol","Road and Rail Drivers",169,"Construction Services",208
"Ipswich","Wacol","Factory Process Workers",150,"Food and Beverage Services",199
